[{"id":"user-image-2058768.png","publicUrl":"np://user.desktop.nicepage.com/Site_640827937/images/2058768.png","size":4173,"hash":"o9NvN850p1B0OXn6KSKcQ9ejAlg=","fileName":"2058768.png","name":"2058768","width":128,"height":128,"thumbnail":{"url":"np://user.desktop.nicepage.com/Site_640827937/images/thumbnails/2058768.png","width":128,"height":128,"length":4173,"type":"png"},"folderId":null,"usages":["2296314107"]},{"id":"user-image-149302.png","publicUrl":"np://user.desktop.nicepage.com/Site_640827937/images/149302.png","size":3582,"hash":"NfwmvFmx1trpHE3j/sZUTd37BI8=","fileName":"149302.png","name":"149302","width":128,"height":128,"thumbnail":{"url":"np://user.desktop.nicepage.com/Site_640827937/images/thumbnails/149302.png","width":128,"height":128,"length":3582,"type":"png"},"folderId":null,"originalUrl":"//images01.nicepage.com/a1389d7bc73adea1e1c1fb7e/9f3ac27e955c553a94c3ec0e/149302.png","usages":["2296314107"]},{"id":"user-image-ProyekBaru6C0BBD951.png","publicUrl":"np://user.desktop.nicepage.com/Site_640827937/images/ProyekBaru6C0BBD951.png","size":3255107,"hash":"nNdQZ1pXJzRR9PkHhxjDvTMmAhs=","fileName":"ProyekBaru6C0BBD951.png","name":"ProyekBaru6C0BBD951","width":1920,"height":1080,"thumbnail":{"url":"np://user.desktop.nicepage.com/Site_640827937/images/thumbnails/ProyekBaru6C0BBD951.png","width":250,"height":141},"folderId":null,"usages":["161049338"]}]