[{"id":30285269,"title":"Blog Template","order":1,"templateKey":"blog","customTemplate":false,"customTemplateFilename":null,"pageLinks":[],"dateCreated":"2023-10-02T11:46:32.956Z","dateUpdated":"2023-10-02T11:46:57.172Z","folderId":null,"pageName":"Blog Template","serverPageId":null,"status":2},{"id":2362208504,"title":"Post Template","order":2,"templateKey":"post","customTemplate":false,"customTemplateFilename":null,"pageLinks":[],"dateCreated":"2023-10-02T11:46:37.459Z","dateUpdated":"2023-10-02T11:46:57.306Z","folderId":null,"pageName":"Post Template","serverPageId":null,"status":2},{"id":312508753,"title":"Product List Template","order":3,"templateKey":"products","customTemplate":false,"customTemplateFilename":null,"pageLinks":[],"dateCreated":"2023-10-02T11:46:40.731Z","dateUpdated":"2023-10-02T11:46:57.410Z","folderId":null,"pageName":"Product List Template","serverPageId":null,"status":2},{"id":868117848,"title":"Product Details Template","order":4,"templateKey":"product","customTemplate":false,"customTemplateFilename":null,"pageLinks":[],"dateCreated":"2023-10-02T11:46:44.417Z","dateUpdated":"2023-10-02T11:46:57.663Z","folderId":null,"pageName":"Product Details Template","serverPageId":null,"status":2},{"id":218858894,"title":"Shopping Cart Template","order":5,"templateKey":"cart","customTemplate":false,"customTemplateFilename":null,"pageLinks":[],"dateCreated":"2023-10-02T11:46:46.172Z","dateUpdated":"2023-10-02T11:46:58.362Z","folderId":null,"pageName":"Shopping Cart Template","serverPageId":null,"status":2},{"id":101028473,"title":"Checkout Template","order":6,"templateKey":"checkout","customTemplate":false,"customTemplateFilename":null,"pageLinks":[],"dateCreated":"2023-10-02T11:46:48.704Z","dateUpdated":"2023-10-02T11:46:58.460Z","folderId":null,"pageName":"Checkout Template","serverPageId":null,"status":2},{"id":859416155,"title":"Login Template","order":7,"templateKey":"login","customTemplate":false,"customTemplateFilename":null,"pageLinks":[],"dateCreated":"2023-10-02T11:46:49.991Z","dateUpdated":"2023-10-02T11:46:58.542Z","folderId":null,"pageName":"Login Template","serverPageId":null,"status":2},{"id":62089008,"title":"Page Password Template","order":8,"templateKey":"password","customTemplate":false,"customTemplateFilename":null,"pageLinks":[],"dateCreated":"2023-10-02T11:46:51.049Z","dateUpdated":"2023-10-02T11:46:58.599Z","folderId":null,"pageName":"Page Password Template","serverPageId":null,"status":2},{"id":52189263,"title":"404 Not Found Template","order":9,"templateKey":"404","customTemplate":false,"customTemplateFilename":null,"pageLinks":[],"dateCreated":"2023-10-02T11:46:51.726Z","dateUpdated":"2023-10-02T11:46:58.662Z","folderId":null,"pageName":"404 Not Found Template","serverPageId":null,"status":2},{"id":107128924,"title":"Thank You Page Template","order":10,"templateKey":"ThankYou","customTemplate":false,"customTemplateFilename":null,"pageLinks":[],"dateCreated":"2023-10-02T11:46:52.213Z","dateUpdated":"2023-10-02T11:46:58.726Z","folderId":null,"pageName":"Thank You Page Template","serverPageId":null,"status":2},{"id":161049338,"title":"Home","order":50,"templateKey":null,"customTemplate":false,"customTemplateFilename":null,"pageLinks":["253311887"],"dateCreated":"2023-10-02T11:47:21.418Z","dateUpdated":"2023-10-02T14:41:28.466Z","folderId":null,"pageName":"Home_161049338","serverPageId":null,"status":2},{"id":2296314107,"title":"About Us","order":101,"templateKey":null,"customTemplate":false,"customTemplateFilename":null,"pageLinks":[],"dateCreated":"2023-10-02T11:46:53.471Z","dateUpdated":"2023-10-02T14:14:55.132Z","folderId":null,"pageName":"About Us_2296314107","serverPageId":null,"status":2},{"id":253311887,"title":"Contact Page","order":102,"templateKey":null,"customTemplate":false,"customTemplateFilename":null,"pageLinks":[],"dateCreated":"2023-10-02T12:08:26.755Z","dateUpdated":"2023-10-02T14:46:20.043Z","folderId":null,"pageName":"Contact Page_253311887","serverPageId":null,"status":2}]